subject,capture,predicted,correct,in_gallery
subject1,captura1.png,subject1,1,0
subject1,captura2.png,subject1,1,0
subject1,captura3.png,subject1,1,0
subject1,captura4.png,subject1,1,1
subject1,captura5.png,subject1,1,0
subject1,captura6.png,subject1,1,0
subject1,captura7.png,subject1,1,0
subject1,captura8.png,subject5,0,0
subject1,captura9.png,subject4,0,0
subject1,captura10.png,subject4,0,0
subject1,captura11.png,subject4,0,0
subject1,captura12.png,subject4,0,0
subject1,captura13.png,subject4,0,0
subject1,captura14.png,subject4,0,0
subject1,captura15.png,subject2,0,0
subject1,captura16.png,subject2,0,0
subject1,captura17.png,subject3,0,0
subject2,captura1.png,subject2,1,1
subject2,captura2.png,subject1,0,0
subject2,captura3.png,subject4,0,0
subject2,captura4.png,subject4,0,0
subject2,captura5.png,subject4,0,0
subject2,captura6.png,subject4,0,0
subject3,captura1.png,subject5,0,0
subject3,captura2.png,subject5,0,0
subject3,captura3.png,subject3,1,0
subject3,captura4.png,subject3,1,1
subject3,captura5.png,subject3,1,0
subject3,captura6.png,subject3,1,0
subject3,captura7.png,subject3,1,0
subject3,captura8.png,subject3,1,0
subject3,captura9.png,subject3,1,0
subject3,captura10.png,subject3,1,0
subject3,captura11.png,subject3,1,0
subject3,captura12.png,subject3,1,0
subject3,captura13.png,subject5,0,0
subject3,captura14.png,subject5,0,0
subject3,captura15.png,subject3,1,0
subject3,captura16.png,subject3,1,0
subject3,captura17.png,subject5,0,0
subject3,captura18.png,subject5,0,0
subject4,captura1.png,subject4,1,1
subject4,captura2.png,subject4,1,0
subject4,captura3.png,subject3,0,0
subject5,captura1.png,subject5,1,0
subject5,captura2.png,subject5,1,0
subject5,captura3.png,subject3,0,0
subject5,captura4.png,subject5,1,0
subject5,captura5.png,subject5,1,0
subject5,captura6.png,subject5,1,1
subject5,captura7.png,subject3,0,0
subject5,captura8.png,subject5,1,0
subject5,captura9.png,subject3,0,0
subject5,captura10.png,subject5,1,0
subject5,captura11.png,subject3,0,0
subject5,captura12.png,subject3,0,0
subject5,captura13.png,subject3,0,0
subject5,captura14.png,subject3,0,0
